{"count":1,"next":null,"previous":null,"results":[{"id":37245,"game_id":43950,"game_slug":"diablo-2-ressurected","name":"Diablo II: Resurrected","year":2021,"user":"StefanoD","runner":"wine","slug":"diablo-ii-resurrected-battlenet","version":"Battle.net","description":"Scripts for existing installations of Battle.net","notes":"","credits":"","created_at":"2023-03-21T04:12:27.836454Z","updated_at":"2023-03-21T04:12:27.836480Z","draft":false,"published":true,"published_by":null,"rating":"","is_playable":null,"steamid":null,"gogid":null,"gogslug":"","humbleid":"","humblestoreid":"","humblestoreid_real":"","script":{"game":{"arch":"win64","exe":"drive_c/Program Files (x86)/Battle.net/Battle.net.exe","prefix":"$GAMEDIR"},"installer":[{"task":{"app":"arial","arch":"win64","description":"Installing Arial font","name":"winetricks","prefix":"$GAMEDIR"}},{"task":{"app":"fontsmooth-rgb","arch":"win64","description":"Setting fontsmooth=rbg","name":"winetricks","prefix":"$GAMEDIR"}},{"task":{"arch":"win64","description":"Setting Windows 10 mode for Wine","key":"Version","name":"set_regedit","path":"HKEY_CURRENT_USER\\Software\\Wine","prefix":"$GAMEDIR","value":"win10"}},{"write_json":{"data":{"Client":{"GameLaunchWindowBehavior":"2","HardwareAcceleration":"false","Sound":{"Enabled":"false"},"Streaming":{"StreamingEnabled":"false"}}},"description":"Disabling Sound/Hardware Acceleration/Streaming in Blizzard App","file":"$GAMEDIR/drive_c/users/$USER/Application Data/Battle.net/Battle.net.config"}},{"task":{"arch":"win64","description":"Wine Staging: Enabling DXVA2","key":"backend","name":"set_regedit","path":"HKEY_CURRENT_USER\\Software\\Wine\\DXVA2","prefix":"$GAMEDIR","value":"va"}}],"requires":"blizzard-battlenet-standard","system":{"env":{"DXVK_HUD":"0","DXVK_STATE_CACHE":"1","DXVK_STATE_CACHE_PATH":"$GAMEDIR","PBA_ENABLE":"0","__GL_SHADER_DISK_CACHE":"1","__GL_SHADER_DISK_CACHE_PATH":"$GAMEDIR","__GL_THREADED_OPTIMIZATIONS":"1","__PBA_CB_HEAP":"128","__PBA_GEO_HEAP":"512","mesa_glthread":"true"},"exclude_processes":"Agent.exe \"Battle.net Helper.exe\""},"wine":{"dxvk":true,"esync":true,"version":"lutris-GE-Proton7-39-x86_64"}},"content":"game:\n  arch: win64\n  exe: drive_c/Program Files (x86)/Battle.net/Battle.net.exe\n  prefix: $GAMEDIR\ninstaller:\n- task:\n    app: arial\n    arch: win64\n    description: Installing Arial font\n    name: winetricks\n    prefix: $GAMEDIR\n- task:\n    app: fontsmooth-rgb\n    arch: win64\n    description: Setting fontsmooth=rbg\n    name: winetricks\n    prefix: $GAMEDIR\n- task:\n    arch: win64\n    description: Setting Windows 10 mode for Wine\n    key: Version\n    name: set_regedit\n    path: HKEY_CURRENT_USER\\Software\\Wine\n    prefix: $GAMEDIR\n    value: win10\n- write_json:\n    data:\n      Client:\n        GameLaunchWindowBehavior: '2'\n        HardwareAcceleration: 'false'\n        Sound:\n          Enabled: 'false'\n        Streaming:\n          StreamingEnabled: 'false'\n    description: Disabling Sound/Hardware Acceleration/Streaming in Blizzard App\n    file: $GAMEDIR/drive_c/users/$USER/Application Data/Battle.net/Battle.net.config\n- task:\n    arch: win64\n    description: 'Wine Staging: Enabling DXVA2'\n    key: backend\n    name: set_regedit\n    path: HKEY_CURRENT_USER\\Software\\Wine\\DXVA2\n    prefix: $GAMEDIR\n    value: va\nrequires: blizzard-battlenet-standard\nsystem:\n  env:\n    DXVK_HUD: '0'\n    DXVK_STATE_CACHE: '1'\n    DXVK_STATE_CACHE_PATH: $GAMEDIR\n    PBA_ENABLE: '0'\n    __GL_SHADER_DISK_CACHE: '1'\n    __GL_SHADER_DISK_CACHE_PATH: $GAMEDIR\n    __GL_THREADED_OPTIMIZATIONS: '1'\n    __PBA_CB_HEAP: '128'\n    __PBA_GEO_HEAP: '512'\n    mesa_glthread: 'true'\n  exclude_processes: Agent.exe \"Battle.net Helper.exe\"\nwine:\n  dxvk: true\n  esync: true\n  version: lutris-GE-Proton7-39-x86_64\n","discord_id":""}]}
