{"count":1,"next":null,"previous":null,"results":[{"id":12740,"game_id":11162,"game_slug":"tom-clancys-ghost-recon-breakpoint","name":"Tom Clancy's Ghost Recon® Breakpoint","year":2019,"user":"LONEWOLF","runner":"wine","slug":"tom-clancys-ghost-recon-breakpoint-ubisoft-connect","version":"Ubisoft Connect","description":"Installs Ubisoft Connect to allow you to download Tom Clancy's Ghost Recon Breakpoint and play.","notes":"","credits":"","created_at":"2019-04-12T00:10:53.927000Z","updated_at":"2021-12-17T01:38:28.161115Z","draft":false,"published":true,"published_by":64834,"rating":"","is_playable":null,"steamid":460930,"gogid":null,"gogslug":"","humbleid":"","humblestoreid":"","humblestoreid_real":"","script":{"files":[{"setup":"https://ubistatic3-a.akamaihd.net/orbit/launcher_installer/UbisoftConnectInstaller.exe"}],"game":{"arch":"win64","args":"uplay://launch/11903/0","exe":"drive_c/Program Files (x86)/Ubisoft/Ubisoft Game Launcher/UbisoftConnect.exe","prefix":"$GAMEDIR"},"installer":[{"task":{"arch":"win64","name":"create_prefix","prefix":"$GAMEDIR"}},{"task":{"app":"corefonts","name":"winetricks","prefix":"$GAMEDIR"}},{"task":{"app":"vcrun2010 vcrun2012 vcrun2015 win10","name":"winetricks","prefix":"$GAMEDIR"}},{"task":{"args":"/S","executable":"setup","name":"wineexec","prefix":"$GAMEDIR"}}],"system":{"disable_compositor":true,"env":{"__GL_SHADER_DISK_CACHE":1,"__GL_SHADER_DISK_CACHE_PATH":"$GAMEDIR"}},"wine":{"dxvk":true,"esync":true}},"content":"files:\n- setup: https://ubistatic3-a.akamaihd.net/orbit/launcher_installer/UbisoftConnectInstaller.exe\ngame:\n  arch: win64\n  args: uplay://launch/1771/0\n  exe: drive_c/Program Files (x86)/Ubisoft/Ubisoft Game Launcher/UbisoftConnect.exe\n  prefix: $GAMEDIR\ninstaller:\n- task:\n    arch: win64\n    name: create_prefix\n    prefix: $GAMEDIR\n- task:\n    app: corefonts\n    name: winetricks\n    prefix: $GAMEDIR\n- task:\n    app: vcrun2010 vcrun2012 vcrun2015 win10\n    name: winetricks\n    prefix: $GAMEDIR\n- task:\n    args: /S\n    executable: setup\n    name: wineexec\n    prefix: $GAMEDIR\nsystem:\n  disable_compositor: true\n  env:\n    __GL_SHADER_DISK_CACHE: 1\n    __GL_SHADER_DISK_CACHE_PATH: $GAMEDIR\nwine:\n  dxvk: true\n  esync: true\n","discord_id":""}]}
