<application>
  <component name="aws">
    <option name="profilesNotification" value="Always" />
    <option name="promptedForTelemetry" value="true" />
    <option name="telemetryEnabled" value="false" />
    <option name="useDefaultCredentialRegion" value="Prompt" />
  </component>
  <component name="codewhispererUserGroupSettings">
    <option name="settings">
      <map>
        <entry key="userGroup" value="CrossFile" />
      </map>
    </option>
    <option name="version" value="1.75-232" />
  </component>
  <component name="executables">
    <option name="value">
      <list>
        <ExecutableState>
          <option name="id" value="samCli" />
        </ExecutableState>
      </list>
    </option>
  </component>
</application>