<application>
  <component name="ProjectManager">
    <defaultProject>
      <component name="Encoding" addBOMForNewFiles="with BOM under Windows, with no BOM otherwise" />
      <component name="WindowStateProjectService">
        <state x="743" y="261" width="424" height="513" key="FileChooserDialogImpl" timestamp="1690750628593">
          <screen x="0" y="0" width="1920" height="1036" />
        </state>
        <state x="743" y="261" width="424" height="513" key="FileChooserDialogImpl/0.0.1920.1036/1920.0.1920.1080" timestamp="1690750628593" />
        <state x="0" y="0" width="800" height="529" key="Rider.ProjectTemplateDialog.Size" timestamp="1690750819967">
          <screen x="0" y="0" width="1920" height="1036" />
        </state>
        <state x="0" y="0" width="1920" height="1036" key="Rider.ProjectTemplateDialog.Size/0.0.1920.1036/0.0.1920.1080/1920.0.1920.1080" timestamp="1690642987409" />
        <state x="0" y="0" width="800" height="529" key="Rider.ProjectTemplateDialog.Size/0.0.1920.1036/1920.0.1920.1080" timestamp="1690750819967" />
      </component>
    </defaultProject>
  </component>
</application>